[  
    {"month":1, "sky":15, "year": 2020},
    {"month":2, "sky":18, "year": 2020},
    {"month":3, "sky":20, "year": 2020},
    {"month":4, "sky":13, "year": 2020},
    {"month":5, "sky":11, "year": 2020},
    {"month":6, "sky":15, "year": 2020},
    {"month":7, "sky":17, "year": 2020},
    {"month":8, "sky":21, "year": 2020},
    {"month":9, "sky":12, "year": 2020},
    {"month":10, "sky":15.5, "year": 2020},
    {"month":11, "sky":21, "year": 2020},
    {"month":12, "sky":14, "year": 2020},  
    {"month":1, "sky":15, "year": 2021},
    {"month":2, "sky":18, "year": 2021},
    {"month":3, "sky":20, "year": 2021},
    {"month":4, "sky":0, "year": 2021},
    {"month":5, "sky":11, "year": 2021},
    {"month":6, "sky":15, "year": 2021},
    {"month":7, "sky":17, "year": 2021},
    {"month":8, "sky":21, "year": 2021},
    {"month":9, "sky":0, "year": 2021},
    {"month":10, "sky":15.5, "year": 2021},
    {"month":11, "sky":21, "year": 2021},
    {"month":12, "sky":14, "year": 2021}
]
